Metric,AUROC RAGTruth,AUROC HaluEval,Drop
Cosine drift,0.5384202436880048,0.682212726926992,-0.1437924832389872
Mahalanobis distance,0.6916307396270147,0.6685439760181653,0.023086763608849425
Logit lens divergence,0.6535514143250931,0.3972271003680048,0.2563243139570883
PCA deviation,0.6909809354548829,0.6757586604176686,0.015222275037214295
Full composite,0.7001276727915667,0.6662956790192504,0.03383199377231638
