Metric,AUROC RAGTruth,AUROC HaluEval,Drop
Cosine drift,0.5384202436880048,0.556020066889632,-0.01759982320162723
Mahalanobis distance,0.6916307396270147,0.5743222802978102,0.11730845932920453
Logit lens divergence,0.6535514143250931,0.45559318330784354,0.19795823101724958
PCA deviation,0.6909809354548829,0.5758516663585487,0.11512926909633425
Full composite,0.7001276727915667,0.5834817902220131,0.11664588256955366
