Method,AUROC,F1,Spearman,ECE
Baseline: attention entropy,0.6661230658172689,0.6070416835289356,0.28433636089534103,0.006601431619133586
Baseline: logit confidence,0.6650156530732134,0.6086604613516795,0.2824409124330533,0.013686577499698545
Cosine drift,0.5384202436880048,0.47187373532982596,0.06576021938161938,0.014677283799301135
Mahalanobis score,0.6916307396270147,0.6159449615540267,0.32799582372498104,0.03632944055824022
PCA deviation,0.6909809354548829,0.613516794819911,0.3268836167006116,0.017990986382040598
Logit lens divergence,0.6535514143250931,0.6013759611493322,0.2628193735174935,0.017243508269375898
"CIE top-3 layers ([2, 1, 0])",0.5384202436880048,0.47187373532982596,0.06576021938161938,0.014677274295135528
CIE full composite,0.7224043440781733,0.6089743589743589,0.3806674379105359,0.046700480746272144
