{
  "metadata": {
    "model_name": "gpt2-medium",
    "device": "mps",
    "max_seq_len": 512,
    "limit_per_split": 0,
    "scores_csv": "outputs/exp1&2/logit_confidence_scores.csv"
  },
  "logit_confidence_baseline": {
    "AUROC": 0.6650156530732134,
    "F1": 0.6086604613516795,
    "Spearman": 0.2824409124330533,
    "ECE": 0.013686577499698545,
    "train_corr": -0.27642928633163644,
    "n_train": 12450,
    "n_test": 2676
  }
}
