Layer range,Attention drift AUROC,FFN drift AUROC,FFN - Attention,Signal localizes to
Early (1-25%),0.499375,0.5643750000000001,0.06500000000000006,FFN
Mid (26-75%),0.49875,0.546875,0.04812499999999997,FFN
Late (76-100%),0.5750000000000001,0.58875,0.013749999999999929,FFN
